{"episodes_completion": {"1.0": [[0.23364428916325233], [0.08032426511095328], [0.03145581881090327], [0.025581777965478007]]}, "intersection_offroad": {"1.0": [[0], [0], [0], [0]]}, "intersection_otherlane": {"1.0": [[0], [0], [0], [0]]}, "collision_pedestrians": {"1.0": [[0], [0], [0], [0]]}, "collision_vehicles": {"1.0": [[0], [0], [0], [0]]}, "collision_other": {"1.0": [[0], [0], [0], [0]]}, "episodes_fully_completed": {"1.0": [[0.0], [0.0], [0.0], [0.0]]}, "average_speed": {"1.0": [1.6648823903713392, 0.7174470179150358, 0.3629962090082901, 0.32455077085170414]}, "driven_kilometers": {"1.0": [0.011463177725037329, 0.011423031986572553, 0.010550767145210737, 0.00943332058318211]}}