exp_id,rep,weather,start_point,end_point,result,initial_distance,final_distance,final_time,time_out
0,0,1,7,3,0,46.38000488282254,35.543581610587296,24.787,24.787
1,0,1,138,17,0,102.0835985225537,93.88380849134798,57.3184,57.3184
2,0,1,140,134,0,210.63723564600028,204.01146892669016,104.6368,104.6368
3,0,1,140,134,0,210.63723564600028,205.24876065244223,104.6368,104.6368
